{"cameraMode":{"drawMode":0,"name":"Shaded","section":"Shading Mode"},"sceneLighting":false,"audioPlay":false,"sceneViewState":{"m_AlwaysRefresh":false,"showFog":false,"showSkybox":false,"showFlares":false,"showImageEffects":false,"showParticleSystems":false,"showVisualEffectGraphs":true,"m_FxEnabled":true},"in2DMode":false,"pivot":{"x":-0.00016039609909057617,"y":0.8289444446563721,"z":-0.001564815640449524},"rotation":{"x":0.22923512756824494,"y":0.013444115407764912,"z":-0.0031601861119270326,"w":0.9732899069786072},"size":1.3339684009552003,"orthographic":false}