{"cameraMode":{"drawMode":0,"name":"Shaded","section":"Shading Mode"},"sceneLighting":true,"audioPlay":false,"sceneViewState":{"m_AlwaysRefresh":false,"showFog":false,"showSkybox":true,"showFlares":true,"showImageEffects":true,"showParticleSystems":true,"showVisualEffectGraphs":true,"m_FxEnabled":true},"in2DMode":false,"pivot":{"x":3.8383617401123049,"y":2.021815299987793,"z":67.50553131103516},"rotation":{"x":0.023211553692817689,"y":0.2971677780151367,"z":-0.007219650782644749,"w":0.9545364379882813},"size":5.460987091064453,"orthographic":false}